{"stats":{"minecraft:killed_by":{"minecraft:spider":1},"minecraft:custom":{"minecraft:jump":135,"minecraft:time_since_rest":443,"minecraft:deaths":1,"minecraft:damage_dealt":137,"minecraft:crouch_one_cm":74,"minecraft:leave_game":3,"minecraft:play_time":11402,"minecraft:sprint_one_cm":10453,"minecraft:damage_taken":230,"minecraft:time_since_death":403,"minecraft:walk_one_cm":14715,"minecraft:sneak_time":17,"minecraft:total_world_time":11402,"minecraft:fall_one_cm":5200,"minecraft:fly_one_cm":12583},"minecraft:mined":{"minecraft:birch_leaves":1,"minecraft:oak_leaves":11}},"DataVersion":3465}